PM2.5,NO2,CO,Temperature,Humidity,AQI_Level
118.61663446573512,141.1415342338503,1.9328159955023347,15.954089256810903,30.936454698872478,Unhealthy for Sensitive Groups
285.7071488588757,109.53879143710347,5.464819379045745,13.959093881486549,29.758303925759986,Very Unhealthy
222.27824312530748,65.3578851758339,8.742163775176442,-8.717896709678216,82.50036644168293,Very Unhealthy
183.6109604171406,163.69002884285499,7.349026375454655,7.062391381307819,29.963695987960488,Unhealthy
55.245405728306594,138.52257864800646,8.084955363828353,9.009780939292853,31.75597809029048,Moderate
55.23841089749877,36.7103031722538,6.621955330436101,9.941139044845023,70.7518609934371,Moderate
26.844247528777842,182.63080097629927,6.9535379887267394,19.008618461366613,45.9791873960432,Good
261.19108227473123,165.39476237001796,8.50703695049666,16.680127336343922,72.1368445564145,Very Unhealthy
184.32335340553055,190.2109830919252,2.571713287705941,20.39525463967223,15.22929260515082,Unhealthy
215.34104756085318,146.5153041357302,4.945307140067091,28.244163077106414,49.005695493870746,Very Unhealthy
15.969503345782709,124.61596320747903,2.289973474014062,30.649286935804675,12.68908801466261,Good
291.2738571269783,86.55739207667068,9.877913279166805,25.90615381132472,15.012256276428362,Very Unhealthy
251.4083658321223,186.8820542540326,9.446187462897472,37.77618479774674,82.51499626755287,Very Unhealthy
71.57834209670008,173.88245845257964,0.4903254325482084,-9.088370866181918,21.139629689407613,Moderate
62.729240490059176,13.817640670706934,7.085194207905316,-0.2111007158226954,52.593654582017365,Moderate
63.18730785749581,10.141560026964141,9.259958342415091,-9.621856251092893,42.887648208056525,Moderate
98.23025045826594,78.41035654121967,1.887695916760602,22.373735707730148,37.78746610070741,Moderate
162.17936517334897,163.05789950245742,5.722657782471032,34.90152744749935,81.9866676549818,Unhealthy
135.26405540621357,197.51884521641418,9.163334146121613,2.1741148288149645,11.74587174203916,Unhealthy for Sensitive Groups
94.45645065743216,34.33129376518799,0.4360651879994085,36.35172723981533,63.10317489404713,Moderate
187.43733946949004,120.85548949366635,7.004460645743715,-6.986630485521958,87.07155473708403,Unhealthy
50.45321958909213,79.27371704304919,3.0437551729882526,36.72180134027572,54.81345467694736,Moderate
94.72194807521326,194.13330757384762,9.251522334227651,7.5811343619817215,84.94579696264735,Moderate
116.24493455517059,169.21319001146318,9.71347662713714,-4.928958577539174,14.180630342881901,Unhealthy for Sensitive Groups
142.26029542294043,168.47409741867187,9.448238242222995,14.29358795931628,43.50346552593291,Unhealthy for Sensitive Groups
237.70102880397394,96.3951661600192,4.794720744908891,2.8388283860253978,30.812623276964093,Very Unhealthy
67.90539682592433,85.88980295584471,8.634222244794202,4.243645098096142,68.46567719845838,Moderate
159.12798713994738,58.314379026487714,8.461039045497197,5.364498246314328,88.50376723977973,Unhealthy
181.8002249699923,15.993221846930787,3.259094685108231,30.15129489163317,30.522404995539823,Unhealthy
23.47061968879934,173.6208633697354,8.306263194091706,16.958063833762726,62.333968117925956,Good
186.18800705141712,163.51569678036512,0.46637558368337695,5.565384957800182,25.84781062077921,Unhealthy
59.451995869314544,199.94494629079546,6.003071796972325,20.51668916554592,55.22642036572879,Moderate
28.86496196573106,199.34418322941156,2.3770874891482605,25.807533711159678,47.114598935066894,Good
285.17680580346666,113.30918259251236,1.2936121691950604,3.631200036676688,87.76042637052296,Very Unhealthy
290.03328959162224,154.95254596019956,0.8618366961291707,10.677455076267577,58.68218181571733,Very Unhealthy
244.43523095377373,189.22931732707346,6.993258881193584,-3.9056953331526225,37.960509766945506,Very Unhealthy
98.3379930602775,170.68124118209525,3.464762141303855,-0.9425325232659851,19.12766279103467,Moderate
38.32491306185132,53.23287983992354,7.275191038134738,24.05589269824914,22.099746298794763,Good
208.4275776885255,92.85610638546824,0.7470277739095295,-0.9280826152186528,28.025354396098805,Very Unhealthy
137.64422318448436,30.18608595454152,3.2213743445230425,16.258169183353008,30.07733290722384,Unhealthy for Sensitive Groups
45.39108810498586,191.03995031545085,5.440963794515838,25.452313086121634,78.04928462729103,Good
153.60130393226837,123.20405371792161,7.928159331905739,-4.656153845262808,54.897823062601994,Unhealthy
19.972671123413335,49.58534707317523,3.2556497790274923,18.365610981445176,51.87127290994931,Good
273.7029166028468,135.98163345914207,6.29632462672639,2.8281391850681885,19.181509749537398,Very Unhealthy
85.0461946640049,125.53500688928969,8.871179707538253,38.14634376187899,78.8111754679548,Moderate
202.13146246265478,74.8417300164039,6.197045563004815,14.177282335996235,67.8251442566787,Very Unhealthy
100.39621206592918,27.143730478927658,2.4062988000609744,30.299627488757906,15.413468952000127,Unhealthy for Sensitive Groups
160.81972614156513,135.9567731405959,0.34156773740972646,17.511327107813088,66.62680777838149,Unhealthy
168.5459810095511,106.4600016762397,8.713978851619206,-7.829373357259042,53.483057387411684,Unhealthy
63.60779210240284,155.60208638844966,0.31056716741883267,21.657568779701116,16.538027659742262,Moderate
291.17954205172197,106.43188271683871,8.759546559573574,37.570167110332854,46.664051322292515,Very Unhealthy
234.78851877472323,171.17539256211532,5.3364776268693985,20.08059100731656,48.775702970403756,Very Unhealthy
282.45469305361485,112.62183356102469,9.396770215277671,30.959442971339513,23.26196321306206,Very Unhealthy
269.49993162401813,114.38290444940033,8.007954034159289,34.21032316742039,85.65585176002259,Very Unhealthy
183.3909938552147,175.94745251837728,9.979547694280042,1.4039885974466237,77.99802971845295,Unhealthy
277.3435281567039,83.67915891141742,3.572046972971931,0.6022419954113332,63.521786986328664,Very Unhealthy
35.66282559505665,31.132969547874943,7.695164060418156,20.549049442549585,46.98364488004857,Good
66.8350301015521,10.612621881101099,4.079116044731498,10.551423490335235,42.941243326760684,Moderate
23.11591378405604,152.2517648563557,4.850768641008697,31.99306514333602,62.07787737207633,Good
104.34579592134666,125.9603625139256,6.3123040858618635,35.00115616990056,53.634549552552436,Unhealthy for Sensitive Groups
122.71641400994979,142.2955547793486,8.749403430444753,7.671068965135905,14.98184847055085,Unhealthy for Sensitive Groups
88.69121921442981,46.528011494237596,9.842426345073022,1.8435279487241036,51.000211901626535,Moderate
250.3338776540595,31.592437739420102,7.70590679725873,29.026275762193094,74.51228937862716,Very Unhealthy
113.45846474114089,7.836209805236976,4.2358911434566044,3.7403017774068044,46.73919020775664,Unhealthy for Sensitive Groups
91.47100780934042,73.3645739672864,4.271434322542994,31.130715925683923,14.156526204341473,Moderate
167.38186411589206,120.03394893665345,7.402064785730025,11.186912682438141,72.90225595072265,Unhealthy
50.86802524268117,81.4875887944478,2.463893743106193,23.377494964573522,26.10910257087795,Moderate
242.6371244186715,90.30760979462717,1.1936937200008073,-5.223234308266591,30.689666791043102,Very Unhealthy
31.61968666713354,181.31094542628094,3.610759360643688,21.19296623382865,23.17650827458367,Good
296.19721161415004,72.90981606954357,2.9436660173754094,12.588383936861455,36.4172051897198,Very Unhealthy
233.95098309603065,105.2279503861631,3.033450392514302,19.330423158773705,70.5401204550908,Very Unhealthy
67.62754764491,157.81233748452289,2.4127167353941084,-1.599289612756829,51.550868760314984,Moderate
11.601413965844696,82.32584255264769,0.5167225773999826,26.843687247209104,26.390501932057006,Good
246.48381425190192,126.30690654443534,0.27695195386079674,33.13985387716143,80.22640625216327,Very Unhealthy
214.98862971580897,173.16092320561532,9.878451658386712,0.8369900045387819,80.36654839612234,Very Unhealthy
221.4120787318863,190.15652161324022,4.334954023985037,-5.214272223991914,79.64627400368056,Very Unhealthy
233.66840053892426,33.6793287811624,3.904833806880849,-8.81807069768318,29.10369691052314,Very Unhealthy
31.472949002886203,185.6845869064914,6.828508098661391,22.098575022163303,46.099147534479044,Good
113.95506127783905,100.96267715050995,2.2607134898641355,20.35470180443904,88.79917249127001,Unhealthy for Sensitive Groups
43.60202726228762,55.357655718296876,9.50461572110723,17.334870635703503,71.76099810479923,Good
260.2999935039221,94.53147246646095,7.884815642713965,1.597354805798771,12.173393698044785,Very Unhealthy
190.7564567799918,196.106352180668,0.9851689228913691,9.545299795275735,15.216367300839364,Unhealthy
105.96042720726827,101.06052832860958,4.2340496802707905,19.72381675930865,47.114510144986625,Unhealthy for Sensitive Groups
28.431921582946853,69.1065640060641,8.80327124486543,14.83834294295847,82.73761646892481,Good
100.18487329754204,128.51316659176152,9.452847020684962,39.38927601074437,53.09614383621714,Unhealthy for Sensitive Groups
104.30316338775664,51.82839566174765,4.72727496137371,-3.1780123721633435,49.82500064274322,Unhealthy for Sensitive Groups
221.5857917180386,19.793348981189464,6.172772753186006,24.757227702379687,18.437895996530447,Very Unhealthy
194.8916666930118,30.131545772576597,1.753636066311545,10.215938405214608,62.542408377943524,Unhealthy
267.2916953471347,29.968938596765625,9.912569398756068,11.409980746280738,75.76825284801804,Very Unhealthy
146.9423282969653,34.6210252348974,2.3935498436960896,25.87988828290881,40.43360060060499,Unhealthy for Sensitive Groups
44.682331322107494,32.07129866663497,9.433044563937743,24.62180756621848,72.0489480740262,Good
216.84098829466856,129.97057523662684,6.531501825024447,39.56279968510942,87.15813231206494,Very Unhealthy
230.62766409890025,40.46661645783324,6.116594269300705,-3.5802855272937384,26.301316730215127,Very Unhealthy
172.7703872951539,72.40512024815332,5.1756162590634345,-4.794517530791683,51.866370495579304,Unhealthy
233.58048218682268,179.8737399316723,2.3836311360058113,26.216940856437056,32.971036646766045,Very Unhealthy
153.2007229456733,97.4225198512601,1.847627516854532,18.919345850320454,73.42835352270714,Unhealthy
161.59252052077827,135.1737590116003,2.282813469794736,3.708033327990293,56.2074692704926,Unhealthy
133.9868953239794,38.60237488431782,1.94573879522812,-6.02903155055067,60.7665934040243,Unhealthy for Sensitive Groups
17.371546755787605,42.4963586676908,7.8178862883108575,-5.717087520178473,73.83313276927153,Good
41.28851382805829,12.969380171963378,3.566240065750628,34.70954373320591,41.677637812996394,Good
19.114463849152934,37.942337299072086,0.672642497977624,-0.406633764062855,83.20720547256346,Good
194.5590192664963,59.32511611123193,9.694116038394032,6.168578105776039,52.6423093796912,Unhealthy
101.16323451213474,39.51704443396563,8.849480261137915,1.3328201113494007,22.63638582682784,Unhealthy for Sensitive Groups
157.4855004377638,22.296994082625844,9.284747603632608,7.749815291596864,65.67192945350419,Unhealthy
273.194277438567,28.52399486461716,9.94958744419971,-6.528807862695332,73.46090803506036,Very Unhealthy
82.29474645317373,94.85185976638152,1.8215629672729243,15.95298954541352,35.34093416540213,Moderate
129.01104768033264,45.23507508912954,4.0227959871363215,-6.619371820389254,78.57434055990024,Unhealthy for Sensitive Groups
229.10983017748413,76.03262290437472,7.606560909470504,30.01782539111808,82.4914603812613,Very Unhealthy
76.35146799257052,103.16636781669709,6.990604118732543,1.6856040955216507,32.15235899022471,Moderate
32.324173850349965,139.62699158272622,1.6235694727645653,17.00059573022553,88.68171781721776,Good
94.02792134499273,12.665867269014292,8.176747937407116,34.00395437807291,21.256922243900675,Moderate
56.75417330366128,160.8850277872633,2.321961661182941,22.54386845235971,26.1612534721992,Moderate
279.6123191793462,127.44057595072701,2.3157943867439688,16.647889327566766,24.73798713904209,Very Unhealthy
244.3549100736809,20.943011230030024,5.416046786644794,6.21668765576878,81.51917680062964,Very Unhealthy
193.6870893880228,175.34783170082156,5.970105354932861,6.650095652909897,62.343404185996945,Unhealthy
262.7235711544381,184.57011810370358,5.84285345759433,23.474347759909506,22.168342657781828,Very Unhealthy
243.0649023007432,16.91020217169843,1.0057196902377732,39.706968061058376,45.22587346946792,Very Unhealthy
64.1053170769504,58.991141388704726,8.786862540040765,23.09195949246893,59.22384200558416,Moderate
268.8421095620935,162.20924955964696,2.72944042162819,17.889170868501246,16.677126799150663,Very Unhealthy
166.4092501555387,150.91063962481337,1.3821977206997615,26.532525511962305,80.5933094725871,Unhealthy
244.15764499757813,40.98159877449358,8.898605990702874,13.260280614185909,74.28828283532282,Very Unhealthy
269.866476977813,45.82311805065851,9.560949832474558,-6.99288286996074,50.41654188613106,Very Unhealthy
102.22100774184052,77.24206004431949,8.63506341092796,18.11484079389549,87.37012922073363,Unhealthy for Sensitive Groups
41.91505811302626,99.48198211224916,8.114209139776293,37.88126422526901,43.420878342007974,Good
76.10119713716308,125.5596804484077,6.586895608326315,-1.2348528821170177,88.72882552291982,Moderate
133.86125870161433,76.93815971610562,5.553487969030479,24.50024454103329,63.43359990429016,Unhealthy for Sensitive Groups
247.224282117523,95.19426964596384,0.9611689231229604,0.046684432952822874,60.77370186031531,Very Unhealthy
259.6118691443396,150.75683293608253,4.143686809399917,16.791384223654063,23.2763916236628,Very Unhealthy
12.016117854045305,12.15322456366659,3.7896163184219085,-5.1661775176640194,80.55422066437151,Good
158.11671774749405,54.22520414708405,2.67156245922723,12.518546812909257,44.19917503364921,Unhealthy
131.0491909131459,144.10316924748773,7.261859125516991,27.808166444762307,22.978672462598347,Unhealthy for Sensitive Groups
74.41126503651178,179.56533334900388,5.009169777279831,7.3785762119491025,11.008601598060723,Moderate
44.76095652676801,104.7771012125549,0.9023575374857146,23.2455862243609,54.7804546910706,Good
107.90839970705211,108.76212962673655,2.2798136993031326,29.772498039486457,52.19196976981411,Unhealthy for Sensitive Groups
283.44381413463054,25.89854221125633,6.86426176023,36.358890973972635,67.54828978953269,Very Unhealthy
103.72885028601901,92.24541153057366,0.8536955089539718,1.7321040927726763,81.22064424142417,Unhealthy for Sensitive Groups
160.44928030557617,108.86036695872951,8.52694844908281,9.965795790465407,16.352526771442363,Unhealthy
213.87549807960158,52.281748208772285,5.001950617438346,-2.3791993334791286,68.51971922722899,Very Unhealthy
115.45258468999525,57.50243003512929,4.857807115533815,39.62417510791876,24.99295552780658,Unhealthy for Sensitive Groups
291.8168039890786,78.57041180540142,5.964837068129224,36.35004839621477,78.65416425257311,Very Unhealthy
289.10971553321224,8.913883566656642,8.264341562658977,16.99785651402798,75.52508110893248,Very Unhealthy
83.0168657893556,67.80543728871976,3.5433111582317114,32.10166471882106,53.26350039884355,Moderate
154.2020667087918,46.23236136432621,6.812359910334729,16.04789886360211,66.81942388986492,Unhealthy
97.25470984686321,68.86198367469336,5.700746443558331,21.179284400137984,35.14800905469987,Moderate
92.6037433694656,28.353615704753988,2.7435798746772715,-5.543778394199169,47.69343191462517,Moderate
20.69721473281451,178.65281974427953,8.798436864916065,27.763521024840394,75.73095181683773,Good
186.7736568541701,120.75052844303949,7.994517613908588,-3.6143258182382585,46.741215773857114,Unhealthy
155.77691673636983,137.42495223317547,6.618673163118412,31.303381512626416,38.623861226035345,Unhealthy
24.928837862496913,158.88839152843096,8.520759118032995,29.101404383519295,49.53699578002399,Good
90.80747462861731,102.19622879116616,8.686212589502043,25.43723488714882,76.25994019497747,Moderate
273.3971069303296,21.94945617704762,7.112793469478844,-8.191980973761893,36.81664378966982,Very Unhealthy
79.47294829342201,109.73577565461682,8.386431950800354,5.15641779726643,23.900927450859506,Moderate
52.01951290645469,119.43401801407143,7.004967470525908,3.1556284955421425,66.96112162646246,Moderate
151.94130048049328,150.36069746594436,6.833393640426974,8.006820373575955,76.07825701664655,Unhealthy
295.8386316920742,89.17361151478748,6.224252644330324,-5.617862661808073,18.050998281882666,Very Unhealthy
80.19602873833512,29.878159045134932,7.551894731620648,36.84789115155314,29.189929020475578,Moderate
204.91930874770478,60.33630163075127,1.6701905424014298,17.690112035618814,21.357759180879512,Very Unhealthy
230.8696884453281,75.80104779773384,8.820620516069392,5.276215532901178,37.83531292657333,Very Unhealthy
78.91488775779591,130.95386205966224,8.731250924677797,9.849075853714172,46.02807831243301,Moderate
221.18274109743928,116.30176941043781,0.3895481020421355,12.360127025241784,69.90610695706451,Very Unhealthy
116.65710848858343,74.43886155008002,8.275585830591151,20.029716668030865,62.09180679053393,Unhealthy for Sensitive Groups
193.36869087213805,197.37047351463104,1.3758116879871076,15.783971384824888,59.67428539827449,Unhealthy
193.72361612065947,123.126089774593,3.417676657165505,35.96959866072087,38.18999572877235,Unhealthy
165.37465838167995,51.25922438851892,7.460731737286917,14.848174145291512,77.3158042467808,Unhealthy
36.18403331577841,24.847582160978728,1.6915229708782513,39.607900741165636,47.70297339185316,Good
252.23772372087902,34.807532140944744,8.197873538778715,32.571247887254785,88.32839504121236,Very Unhealthy
103.0262188418034,52.96175703497909,8.338128361781646,0.4255257178667904,60.73137106365895,Unhealthy for Sensitive Groups
64.09036801595772,36.33286778561336,5.123930564232278,36.52976073219581,20.101179325160217,Moderate
21.824791050881537,41.38056969000463,0.16322012999665245,-4.181680105726196,64.09420496603472,Good
181.35895352459013,60.59355789530019,2.9416775184316366,30.872485424559578,36.00832123453592,Unhealthy
206.4936649342619,38.80785108247719,6.2075764919198475,9.031164673829004,64.9061757348878,Very Unhealthy
14.810470389078283,179.8692578021529,9.813743162471493,33.898716022253474,15.57129185299246,Good
158.5069869067915,20.64558040402023,6.354953917465017,33.40283450537252,23.990514974076753,Unhealthy
75.683774807402,107.27972096619966,2.672055452535182,30.296270005881055,78.4589807124629,Moderate
197.10010921874047,85.027381262984,6.376656460686152,29.501521815353072,28.17436456188119,Unhealthy
60.56626441144752,196.56383029717824,5.445855259186969,5.233956954902039,76.9632900194352,Moderate
210.37194404971513,26.847585922770207,7.820469411996322,-5.954035847437391,32.34208707635283,Very Unhealthy
122.15325042715585,82.58184181391962,1.1591083243868883,10.149008938258074,61.43055280469661,Unhealthy for Sensitive Groups
281.651696733653,194.04673448869693,7.634176234770077,-1.3237742506745658,65.53204588078648,Very Unhealthy
49.881073802338044,173.77388954932616,5.4585391288934915,24.747554445123086,51.012380251604235,Good
108.90924180457496,164.3290538351096,9.633620838204047,7.304986326889278,34.4248541357385,Unhealthy for Sensitive Groups
42.90732115977083,55.291051273763266,3.4845344437829926,38.78051004299574,27.01155010968769,Good
278.1611493007832,38.32307954106283,6.362956742026086,22.0486038672666,12.655148364994098,Very Unhealthy
264.4284124804845,135.38542788526405,9.327078244549172,31.124028181718046,34.31571209925791,Very Unhealthy
84.80307203739513,186.22831787987923,1.1148463071077248,-3.3737663629075785,62.25302324250264,Moderate
201.39537334991192,113.56876413771631,9.378562023640866,33.10072411363113,85.06438547587861,Very Unhealthy
246.99443805835259,116.46447444663048,6.910068650778052,36.13785952566972,79.69635858104417,Very Unhealthy
171.00823536384408,59.59592326375542,0.7715868851412019,14.353095940946794,71.28518212282421,Unhealthy
163.59866772324187,155.0511219724277,3.079539312773481,20.312646887548873,73.0757874602639,Unhealthy
80.13716436113098,41.47353096871706,7.110903677588287,28.24049004514977,63.19879227807962,Moderate
36.99980266371077,68.11745109882752,0.7667709545408398,-1.258068636979372,30.82294860528024,Good
270.19256980646475,87.96010553020128,5.863487555745105,15.128303823172121,82.57560245646638,Very Unhealthy
271.12123657736583,103.98402384346873,3.524242263834272,9.933151388615656,63.658584952466725,Very Unhealthy
193.5994226092477,52.26989782094065,6.247063625898023,-2.681300391887545,54.8352504784352,Unhealthy
108.3186394041232,27.39318082414469,0.5528461347438772,8.376721114576572,18.879157537078484,Unhealthy for Sensitive Groups
111.27077663767166,124.07090827611836,8.728214380908526,-6.591384530725321,45.764443504514034,Unhealthy for Sensitive Groups
220.52714687236943,61.282957881849875,9.73754079485623,-8.70940465252565,46.8286616961541,Very Unhealthy
270.1619753862474,118.34145317740939,9.691890767328346,-3.241685542258862,79.16508876181359,Very Unhealthy
267.255063036884,35.10072947846945,7.521553134254955,38.15575557945869,53.731857615023074,Very Unhealthy
236.1639082987109,98.82231986168941,1.3878537772932567,17.476476794750848,40.43204391763277,Very Unhealthy
196.18917738474346,108.85493934755924,7.606805639697323,38.291108057661,88.14402628085274,Unhealthy
34.40058984856417,15.105589680373248,0.343410472942135,11.6248939165066,18.857647466105256,Good
56.872327087437995,70.63783424781451,0.3190231601370728,5.590806654262979,43.80387426495557,Moderate
270.580714672853,31.210862003099976,3.3037411695804586,15.307093142012206,13.361974013712423,Very Unhealthy
185.86442730128107,17.35811924218971,4.937567585006191,11.975584431645505,69.19232966135442,Unhealthy
12.667144968822598,198.04224531603933,7.727033436297153,-4.716765786912804,83.44612417593206,Good
39.42674743114931,67.85899977007098,6.864624228404401,22.041315734510313,32.40298636403915,Good
202.4155130413362,162.9255169416538,4.514436793129808,0.8019091254799804,78.66733414392966,Very Unhealthy
11.46785931540342,54.65492767893395,2.8089039961884925,20.97939774489148,33.37745843695182,Good
56.63433491107461,137.89303083366622,9.97153255156134,22.51005461990767,82.86161293151322,Moderate
169.13279891630998,153.2444326784889,4.319194892136132,-2.3987573435675946,70.31695228774271,Unhealthy
210.64960733088105,121.14955441852963,4.568731540863787,-6.932518644466592,74.39254214731508,Very Unhealthy
199.06876525575416,96.95735676728088,1.719875829797525,29.038079303421988,11.44052444803636,Unhealthy
75.03809974356234,85.30897825871736,7.968614532624301,12.99002118846601,87.02482856592208,Moderate
216.5319741907854,73.02931197588408,6.967454035236737,-7.091810224726211,68.13367936562585,Very Unhealthy
78.80223537407203,186.25818312832604,2.285619166608728,39.74331585848836,34.380087630890664,Moderate
104.36591246618764,166.9707845186072,0.9155723515968427,-7.110971950181668,76.35157318870776,Unhealthy for Sensitive Groups
226.482507484227,193.18024757996994,6.83694309053966,24.75176144292766,32.521695873194396,Very Unhealthy
198.39354072369224,29.237958579681223,6.579661021383239,39.18394626317068,79.82030716529023,Unhealthy
256.2747890433116,147.51915766471063,2.8052693172822725,1.9590052107962812,19.00643123295496,Very Unhealthy
200.70773876709958,187.97638908010236,9.513549266279062,-2.8875315656401916,66.29487819686366,Very Unhealthy
174.80949496728678,40.34044790230373,1.5954731286309125,-3.9307530288785557,53.25587813159282,Unhealthy
37.16568267014682,17.966772136521612,4.380114530321759,5.163757378379778,17.722757615635267,Good
116.63758288723572,149.51852661156153,9.441797609659229,-4.947709449467665,29.35150626070712,Unhealthy for Sensitive Groups
86.90868662770038,117.02225707008282,4.255300437568611,24.608067084706597,10.992322902185183,Moderate
80.75699657993424,169.15661146786306,6.4214068818744465,-6.885410093496866,47.50143723716047,Moderate
292.17306087820924,32.25561344212645,4.036184539831663,15.471106407489486,34.10122086080003,Very Unhealthy
123.99834015336052,160.0771258126786,2.8147305032518335,39.83484269264884,57.868598743820705,Unhealthy for Sensitive Groups
268.69350100136285,44.31732740931018,9.8413787148023,30.698513475300942,33.77902461668938,Very Unhealthy
193.03020153920625,36.91290885881238,4.152406662518926,20.760971911550545,33.993528920558774,Unhealthy
240.49527802707803,37.03183059654362,8.951582116423431,5.312681039330583,69.45545589852827,Very Unhealthy
155.7647570005057,163.8420704451195,2.3765505983217534,21.194791814581922,13.851426878268276,Unhealthy
177.30212654164413,134.71345803575903,2.209736569848325,16.35207319558258,82.23159961535897,Unhealthy
152.83013120747054,106.99775782997827,0.4082274205566625,11.304169194518575,78.18110995129452,Unhealthy
66.6204664614329,74.97194440408299,6.551501571221262,-3.464481162990026,63.42437465811252,Moderate
219.51111342583656,176.0541054585561,3.7484108028652354,34.330210762023334,57.45772560859074,Very Unhealthy
91.42398510784818,81.5267959474139,8.657146673412408,12.489232441066125,81.38419985117218,Moderate
17.051630265121613,164.23689069695754,4.784778076246416,-0.2688744089617465,24.826414362297157,Good
197.18696581307867,90.63130717119259,9.685114936355745,8.38796754386448,16.31753297526629,Unhealthy
61.3620970280442,78.50416373785698,1.9367026054608996,10.70648762644635,29.16081359276305,Moderate
282.73298946234513,95.22255820557325,8.699369362760546,31.37689477834371,73.56626229601522,Very Unhealthy
286.63928733075034,63.7686854620077,7.788308842638243,26.6807190280701,12.773621338118666,Very Unhealthy
275.31067316393006,150.78382913436897,7.732126261976115,28.465244682066988,56.62454680667917,Very Unhealthy
117.34602307407887,103.03047606803344,8.463353958357187,-9.44843677856764,89.63500129530479,Unhealthy for Sensitive Groups
14.482418793371554,50.28147555362938,7.634137510335689,10.807699908988077,78.45568750700315,Good
279.21238315044036,180.41704178854084,6.2995811841510125,14.06720758176618,51.71565512348715,Very Unhealthy
134.17340301202114,79.85878816777623,1.3993242890556372,-9.040386158847166,15.091272742931388,Unhealthy for Sensitive Groups
290.32989752266417,110.99280791722778,0.422009176963394,2.9906604372517105,76.50988115085678,Very Unhealthy
289.44979335588334,181.76206163808666,9.2163936933753,28.01449115610675,57.91828065417684,Very Unhealthy
257.3727420855344,126.72640920322846,6.204838113755306,-3.1445147135500475,19.19463976476535,Very Unhealthy
95.39017870017985,27.795117938130993,7.985719180664145,16.765506572629583,17.508582785868498,Moderate
121.67834129455832,188.26726410462766,4.867071279974246,0.7600936008618753,82.7701455549274,Unhealthy for Sensitive Groups
256.8296347398885,127.40307034892648,1.2613510707277054,-9.393961267805336,63.536021035046275,Very Unhealthy
101.90738149532052,70.30659485813179,1.3393393428052496,2.0600728799770742,76.34294394534044,Unhealthy for Sensitive Groups
59.15289653896682,32.15805416936051,6.887096343566816,38.79368774550269,80.31831202258138,Moderate
171.47236611292155,159.83491190770772,4.36002835950468,30.076855594149478,55.74178816386578,Unhealthy
281.4848845066265,125.91418740606014,2.0851947943333338,37.97883221605167,51.3957081404033,Very Unhealthy
211.84864103574216,109.0249129353827,4.966786012740225,14.392702196318123,44.43419282567922,Very Unhealthy
175.31773932591585,179.30905369493675,0.7356684770438274,-4.5131900661248245,35.355727023289546,Unhealthy
38.18118319352288,158.7764561887835,5.861516878952548,17.397974448684646,44.76767686869694,Good
188.35209574275922,34.57660154788648,2.763034703907467,12.718866727998044,71.91037245841251,Unhealthy
297.11561653023637,65.7858032201319,7.995835096308163,32.2178541369808,58.15387448121052,Very Unhealthy
50.624364418591966,53.45538226382082,3.1725833933433805,-5.095870960787771,81.4018631963877,Moderate
160.31559918548365,150.069527051672,4.606679475909831,14.41205685108891,45.47040115033502,Unhealthy
264.43819085910707,11.538824773476978,0.2150433450901963,-2.497566765300787,58.56716629750032,Very Unhealthy
224.8228991487193,116.12848854990672,0.8172241891661329,6.2337963445029985,60.5046042473591,Very Unhealthy
212.13456488862772,153.67944371943466,3.9856862084261797,26.867853869389982,57.33577298450604,Very Unhealthy
213.7203843562617,175.96929916854114,4.851394463699522,13.800906468438328,66.2107018468413,Very Unhealthy
114.252433853729,71.70594099960195,6.040203426381106,8.794414257288466,28.994677469984502,Unhealthy for Sensitive Groups
95.14163483670308,165.14517441104252,2.987459529222102,9.723813928501766,50.98910220366325,Moderate
244.71473508876895,26.57318870626541,6.980320672652771,12.97233842029933,18.337984224667814,Very Unhealthy
244.93288445696243,170.05819688823104,8.615211732173126,29.250827191852842,40.760906211585,Very Unhealthy
261.45097238823007,29.86028915473657,7.820524790044163,34.60423444701172,49.01336548970115,Very Unhealthy
274.83976024137667,82.47102165927161,0.4922263709487358,37.76673432519642,62.1779407636378,Very Unhealthy
158.28929566967196,160.47259632701295,4.857018777852506,29.345169312764753,86.04248420689628,Unhealthy
155.4397254592879,34.233898333010885,1.1388087663399313,5.770344787400637,58.05208532386847,Unhealthy
241.5056019003648,49.70402207036509,2.496245657039022,24.406735304327107,69.48751329412478,Very Unhealthy
198.4895399255519,145.83925083664792,9.86795967334475,11.880156202769598,50.50128475961622,Unhealthy
213.57039440473397,145.4071246264845,1.510705874724981,2.7335311023025586,60.72832251010651,Very Unhealthy
240.77987413646932,130.02378841263297,5.038992719168425,32.04357897129613,15.674577290701874,Very Unhealthy
268.10154912709424,140.3199466710845,6.219741769749379,-8.07868255188375,30.35132646734776,Very Unhealthy
108.01859548694539,110.83126645278125,7.054403208386629,35.08809960677117,38.948247456411096,Unhealthy for Sensitive Groups
118.91905626558376,54.100816486855784,5.640521966520449,13.073873231236707,47.799468400521086,Unhealthy for Sensitive Groups
37.25476255385201,72.41071873326429,0.19673138944991825,21.86007384041402,13.651899640190699,Good
177.70124088889045,40.411554776278,3.3319669516155197,22.967696110289133,21.201927804265416,Unhealthy
20.423259401055205,182.14785946005753,5.225345269508643,34.75588703532682,32.14514462330446,Good
145.02342525841345,118.76139997939349,0.9698783415338502,21.833484108360366,87.72261527208406,Unhealthy for Sensitive Groups
167.36694406519723,83.16602626890977,3.5712066189708898,20.69667923800309,36.50776056824406,Unhealthy
93.09696311720248,95.09113171060588,0.428710777034529,-6.667397971965502,48.5632846489666,Moderate
181.34164556501312,189.72025122430398,0.8779271218347053,15.920401097260203,25.687817019071435,Unhealthy
18.845072482324333,34.903523607635634,4.029540434395801,-2.4915499591479175,58.862405686061464,Good
20.83097473727218,119.31481724327546,1.4138859650262976,26.87168843607428,32.45465724127794,Good
248.5541625913009,103.64829238247087,5.718654397789425,15.611096040633726,26.559406275074142,Very Unhealthy
114.45528600926623,124.23357590975633,6.925703194458931,24.011388960417662,51.32581027567832,Unhealthy for Sensitive Groups
46.84754866904659,8.5314858450639,8.025808321179921,-7.9163549698807865,10.440463932833666,Good
161.45054541589326,175.06416224410953,2.08148741802362,-5.760399197709839,10.613122611938026,Unhealthy
233.29813039859715,186.76306508430443,1.7580775643647908,25.81616940313411,27.525504728148622,Very Unhealthy
72.58809797408452,115.20097079989574,1.1352216193105626,-6.395783200066331,12.937709000065691,Moderate
190.63823798751008,140.84691065599398,6.400659470482003,-6.43716361173707,18.64206033045531,Unhealthy
34.750764848192716,184.88737932957267,7.0941096922203215,-9.394576238255627,37.10885194710013,Good
24.987699138896232,142.91153369111274,0.4127028337738562,37.82506991497401,74.20685436638503,Good
164.09284315476293,34.74511336828096,9.368501237812529,26.875417972950345,55.76389146954406,Unhealthy
166.78418526693088,117.37623023252857,0.6145157081495769,7.662570425103208,51.01341807651331,Unhealthy
194.8546714344799,123.3094340446569,5.458833719480597,4.826779064382761,33.47910585664973,Unhealthy
220.56648677957185,87.70548090396528,7.119699142564072,7.485161487292476,84.54029755462531,Very Unhealthy
292.99710304413503,148.60662594682094,8.722594325086247,28.732676559059094,41.76120329897533,Very Unhealthy
159.72710100734665,187.2015678799579,7.169460628111035,23.068530553520716,16.96742134366172,Unhealthy
103.65737715296133,185.4858600168214,8.037108022390939,-0.7402216066266032,59.3653212894241,Unhealthy for Sensitive Groups
240.60399648292406,92.91367742380577,3.4605569061737804,-1.2945332332957822,19.107071478128113,Very Unhealthy
88.54135286600152,27.081418938947273,8.166768626090471,-5.080217514330134,37.61785142413537,Moderate
137.30171200463445,197.04403379765523,0.8931369792082839,23.015135985066905,50.592955097424706,Unhealthy for Sensitive Groups
32.75235058925713,168.58512685695715,8.958684894999223,28.218633111086795,79.93780197481406,Good
17.351715590482677,29.309222834637033,5.521164523921988,3.2523214162502008,49.48372642720949,Good
289.16804025659826,184.56416711038761,8.191247922628687,-8.95275194845436,66.18070128253314,Very Unhealthy
252.43423494853968,174.629790602115,4.577951016731171,-5.891416626178633,89.42534711992563,Very Unhealthy
211.8325197671724,106.17342113958406,6.471419182445597,38.39300174225152,20.519129591838528,Very Unhealthy
128.59635388013828,120.2987099702612,5.311386343267521,4.772238873871013,31.97852204156156,Unhealthy for Sensitive Groups
60.255352820545276,82.8055272546754,7.342736265377785,28.46115739190668,41.56608604781171,Moderate
55.36674237461495,15.67851957029611,0.9081368221028369,21.23317844271319,43.74625428310651,Moderate
82.57044046773265,70.36346212095069,0.6974856315065816,9.096981982644795,42.88168602124366,Moderate
169.27573276477494,161.55642247661223,2.54632201670045,0.2843631097777557,82.6088802045244,Unhealthy
217.2328175830181,5.903244485897558,1.6794923331205647,-3.9306790920296786,67.1226115573485,Very Unhealthy
201.45723924814206,70.03233847977312,8.730657309262797,20.75064840194333,58.6324171272563,Very Unhealthy
91.18083011432343,82.64289525023395,2.270218474844639,28.731689031889402,34.74981742902257,Moderate
286.9109313923263,109.79214257289496,9.7610660326094,22.19521267705653,75.90323073770358,Very Unhealthy
223.99010584177287,184.37184520048828,3.435268338533958,16.515106662457917,86.40484091879911,Very Unhealthy
170.7626752283062,72.53746890136244,1.9029673653181232,-7.902438828418187,75.69586260401812,Unhealthy
187.39901640796214,72.6558743697644,7.918015220710544,38.42443887971919,10.125208415317832,Unhealthy
131.68401810405908,148.81274338140094,6.621206977458673,29.935709582728727,60.91210961467256,Unhealthy for Sensitive Groups
81.84198695533567,93.1824984735124,5.032137592886076,4.641101835048238,14.090830515368058,Moderate
113.23207680886586,48.797940473296485,5.598099154282549,38.99851646794253,30.60857762669775,Unhealthy for Sensitive Groups
229.77537203466704,93.22570564587521,7.220097604895412,20.094079481816106,14.761976027821735,Very Unhealthy
14.174111702629201,32.46711897406097,2.3617019391798575,19.121132910362324,58.30363623595102,Good
43.66106574700571,39.395462368713545,9.963705768961745,27.403658971476602,64.92719307940854,Good
23.340766186308297,102.18171568419855,9.750452305253154,30.58848940450688,19.159011045272408,Good
21.81135267250134,86.69046265338685,6.538224294834675,22.823930366575134,40.707110643598355,Good
258.08356936319205,183.3949507082795,2.075470264198537,-3.5952126816899987,46.498920716443365,Very Unhealthy
214.06077922020685,75.66681032774346,6.8342596000697835,6.913375299724919,39.52424174087333,Very Unhealthy
147.5104104353243,118.21472830421847,0.8147642488938408,36.404182016302485,19.682000038815445,Unhealthy for Sensitive Groups
38.371906588790424,128.29153614430842,0.40345977183748005,1.2307805921925965,43.515823214998036,Good
152.56860378388137,7.553419034725059,2.6510605962610154,8.608351191875666,70.09424382467344,Unhealthy
147.30681352636404,134.38978754325856,4.6799672717192315,11.603844147209799,15.680613162660437,Unhealthy for Sensitive Groups
60.2285422739044,39.71701353960153,8.695897803542968,11.970249484722608,16.414401126552278,Moderate
135.81697827901218,192.40871190654374,7.298973790686449,20.646979124726276,38.38170334687874,Unhealthy for Sensitive Groups
125.5663729752383,33.989231911857026,7.452794559879812,37.15379188723538,85.33805692951401,Unhealthy for Sensitive Groups
188.59652843514277,85.85170412676963,4.312384011035946,2.034635591625248,63.485811737833124,Unhealthy
194.1771587516167,21.643185275335554,3.524756426214933,-3.9249311849540973,64.29359653380519,Unhealthy
23.13816283389291,199.39047910995973,3.7732837535475667,-0.1264755070031338,38.9535992670292,Good
118.63765824167665,102.9280270145923,9.877730680986973,34.34624501046348,57.492863296683076,Unhealthy for Sensitive Groups
191.49937555712856,121.10007837740854,0.4970809949835766,22.290540632760298,10.81049472221947,Unhealthy
155.90951498822542,18.07991309074336,8.683611811612241,4.295339461958006,60.887683712763376,Unhealthy
258.38205394461346,151.24229172783967,5.828886544866695,30.797346948430864,83.06295580609894,Very Unhealthy
201.02115316949406,45.931590653639226,4.442292649976945,33.0684998181718,59.005877467585535,Very Unhealthy
57.25098385361461,180.12058644093918,7.280050838109851,32.3257169345139,79.89588747730761,Moderate
30.464936746124653,45.0022298939914,4.918022520104558,35.94632668197772,67.9178444372875,Good
196.30159067983152,42.18410552941498,8.74689005700844,2.612051008668079,19.644673312295218,Unhealthy
17.688280057070326,12.127185230378501,9.016948453711459,27.752096437313917,82.19626458286734,Good
179.87491856930436,97.05305429644986,4.275037176047208,13.026974863707,15.31550754846199,Unhealthy
282.6667700132377,115.14402098621021,2.8405951926270108,32.099927644503076,52.7173978038211,Very Unhealthy
176.8875115840049,17.81318468852871,5.964268253074286,26.424533858080657,21.370969903476613,Unhealthy
122.56927859989135,156.22788525552707,9.13239712160524,28.822372324986233,10.936528858472325,Unhealthy for Sensitive Groups
196.55358334828242,93.39132277586539,2.1855556711560995,22.808091884053574,43.76274081021112,Unhealthy
142.8933382425398,107.25610251887811,6.267369177278479,-1.1285615265146571,33.6032566123325,Unhealthy for Sensitive Groups
168.22886890162113,90.94873565295448,6.352446178915954,17.251345944846918,48.88003950380824,Unhealthy
283.0247945451923,83.14879687068857,7.3578189219112815,39.23348697622541,56.175990938764066,Very Unhealthy
121.96976496222453,114.12986460510248,1.4025200827598723,36.869403324855945,13.499125784715789,Unhealthy for Sensitive Groups
288.7452635089351,35.27184795648894,7.186667150352677,-7.8413132101494165,19.84026360989965,Very Unhealthy
272.5516861672585,40.475985446577866,9.099421954589847,-1.7592592135281429,54.691391716034026,Very Unhealthy
66.77942908889597,173.04819609763587,1.8788627778153957,-3.4135613272719043,37.45338825381266,Moderate
30.114777253797982,189.49251511605837,2.451678916746389,26.298995499264777,68.33387900395584,Good
39.22562039945373,77.79531667455183,9.716811431012232,30.889266492847256,62.18333188735517,Good
15.28432943894942,57.795211262992986,1.891671831823949,0.6755683155335959,77.64834903919254,Good
37.388458619219236,130.57991093160808,8.558412424358833,15.292634647591449,65.39942613353801,Good
208.0719642907435,84.7031633641288,4.973550778835544,32.03515140056,44.394486191211854,Very Unhealthy
30.644708053466406,9.950339353767248,2.547587636591453,26.64007723831253,63.837329791554595,Good
102.50293278519078,35.449756486407125,8.720424022597863,17.111860274592413,32.03049394043348,Unhealthy for Sensitive Groups
255.01384018114183,144.61458462524251,4.508522024526388,19.517384522938645,34.505079902257016,Very Unhealthy
16.7488613633895,133.4901686724795,5.196691803903933,15.418027345813996,73.11881279366347,Good
246.19585995079137,10.283718538179281,3.6564103570576805,4.877422565941028,45.71356131212657,Very Unhealthy
91.73788468428597,48.28457157692514,5.970213429205781,18.251099642950805,73.8704272414682,Moderate
44.26780001028031,50.05958533467392,1.7188863385917255,24.44426510250453,75.79378989346228,Good
212.0537779556037,136.01908500175205,3.971707212852431,33.666145793040386,78.6049870129027,Very Unhealthy
192.39342556616637,8.84355486210101,9.697181991119347,21.814567698962403,83.33081886729659,Unhealthy
264.46688392284534,25.3011734869919,2.655520983741163,28.0560768521579,44.4788176410637,Very Unhealthy
223.17060270312686,160.98363664777193,6.601692978958793,-1.9964182522713507,35.509345465691105,Very Unhealthy
243.0094698116061,39.81620910059505,3.3193816358244796,13.077873720989494,56.575899727529105,Very Unhealthy
91.79002604567889,132.28549103111555,7.757383944297346,-9.533419008645335,39.69379387501021,Moderate
61.457467696119615,51.44564230411167,1.3956492411116634,2.3339432260811517,58.085933344018635,Moderate
227.6782779758489,24.391071588072307,9.701228346277592,26.32308575565024,66.44686901150597,Very Unhealthy
243.98207438750657,52.41857724489355,4.592516459698029,39.59049756746817,65.07240147937095,Very Unhealthy
297.2464911801953,145.84205171185354,2.4368995871299934,-5.0410950206392044,39.96423096160971,Very Unhealthy
129.65912630431367,171.86081128072573,0.8276177985671254,10.074715793064414,23.348816135900226,Unhealthy for Sensitive Groups
117.88524487990712,166.89287359056337,1.7806032603666535,30.003548434957978,44.4423470769766,Unhealthy for Sensitive Groups
235.15975861517907,82.4507882755987,5.2457620907045746,0.20178173144494238,21.4075315265527,Very Unhealthy
108.83302667337517,135.276601631276,3.4363314466697346,17.75424746511431,81.20776281470467,Unhealthy for Sensitive Groups
279.91962442503376,44.97193760608509,8.305945322237834,26.65356480148374,37.67019685902859,Very Unhealthy
258.9396980344734,62.16380740089759,4.3657864842518785,20.79927251300895,22.356779777865903,Very Unhealthy
134.40826793875533,179.78548461161836,2.562271298617536,-0.5987632692291935,12.03582079246007,Unhealthy for Sensitive Groups
227.75260965953424,7.535375084593527,6.209735367379897,7.769228434286973,61.665790902918744,Very Unhealthy
228.81743348455788,21.674163516621274,7.097094447165913,29.18958922426986,60.95218539637946,Very Unhealthy
39.90592196242046,45.537819753475326,1.7537148882194038,17.71132570660083,37.248333326503335,Good
271.74034293707433,10.173779755394843,1.759430241254345,-9.738519322854364,15.73695110781208,Very Unhealthy
156.52318800987857,40.37990984251048,0.4630471266420755,28.04953800140469,42.770311591618565,Unhealthy
249.67266517124506,118.69310438908997,7.390379949149841,-8.234432252988046,34.897399605071485,Very Unhealthy
102.81438429887741,87.1777873655371,6.67166482345587,27.286689136561606,64.16965117880075,Unhealthy for Sensitive Groups
269.7017362638981,179.07098366001009,4.798845669923157,0.12402800826187033,58.46233995621523,Very Unhealthy
122.86848683290731,164.401494538996,8.457287444795051,37.90367400596901,39.167498255803196,Unhealthy for Sensitive Groups
13.142918929286525,71.65438358108581,8.076134514205528,8.397037565104224,27.431404340399208,Good
272.56077316158644,55.58756951910203,5.895008207527846,6.3465808169039555,89.04287729244734,Very Unhealthy
36.47313626797873,79.04001959261704,8.695885677081261,-2.555597483377766,46.32012969568919,Good
102.6009549012203,120.10751379038751,2.137827979364006,5.280210774510744,65.06193886241897,Unhealthy for Sensitive Groups
285.5179704447334,57.27240996046087,1.2080042320375062,33.83253809141003,21.244237406268862,Very Unhealthy
285.67607261189124,126.70903703058113,2.7705211540181973,39.81671688136237,48.84717597275183,Very Unhealthy
176.29698755575296,84.83527217729188,0.665159875284217,8.415476525342417,12.202937589557239,Unhealthy
193.23279152924178,112.64920026613615,5.358578327210217,12.430531547727128,50.436409432835994,Unhealthy
140.04920137371275,90.04467318138676,9.372396353720118,26.10354691013685,87.12139256941619,Unhealthy for Sensitive Groups
95.03112379243872,62.42082311067394,0.4895010526182455,34.30978902325373,40.736537038864014,Moderate
105.31271815727563,189.94839485762054,1.3088881486992654,19.652216709339207,13.119681005992927,Unhealthy for Sensitive Groups
205.03035226234115,153.90312986115336,4.576770380006009,9.576284908891466,12.476463273547482,Very Unhealthy
228.1886135369272,32.322069274458244,9.345362673526258,10.631092042431188,41.03894079574956,Very Unhealthy
239.55792268049606,174.351255300093,3.22994543926983,24.780907324840342,22.801994917055524,Very Unhealthy
238.98926141042062,100.04908365865516,5.121624606015085,-9.839086819786067,11.868167706254873,Very Unhealthy
36.44976988412021,179.43768424434782,0.5115713045988818,20.979466872992035,70.49708911601414,Good
153.38188836374863,160.97177490972646,1.5685976895246798,7.774650522067869,46.681840710551256,Unhealthy
26.69204040482684,87.91663337150052,9.867638217292583,29.709866563854213,33.139581757812365,Good
169.3633758738833,9.381515122422893,9.65467509471685,-5.350468008843392,82.00665464131846,Unhealthy
138.04384539827933,57.39208508006448,0.14890581125065522,19.410113347419525,19.29111681604205,Unhealthy for Sensitive Groups
267.43421299990695,110.61867185886905,9.522936675690065,14.048644494306188,86.47350631642554,Very Unhealthy
111.76535364010282,128.5282528660987,6.427287384373454,22.116276295261372,35.117337390188226,Unhealthy for Sensitive Groups
43.9494347640057,55.28809865947444,8.692391115748219,-6.7573202758515825,81.0722937846945,Good
51.4675877953224,32.174434444200706,4.601924570775205,18.999189371406565,58.23543011835692,Moderate
230.83808319806695,167.81139617586334,5.204400682934577,18.074229397976186,76.136588779319,Very Unhealthy
189.28323836171572,196.95842523719267,4.93958114454351,18.033004720808545,88.72105305683715,Unhealthy
39.32557607560917,107.50958554902374,6.701956149706433,20.17438332982274,33.07243502549966,Good
34.39097377334926,38.47746074041918,1.482547422087498,23.82339686131811,86.89083883260744,Good
213.28104812314479,58.09992867127695,0.3967385397395118,30.249449984038485,41.15855159219363,Very Unhealthy
31.10127184561612,8.586181926756012,3.1485064217527903,3.4910360064107167,40.84095237895379,Good
248.3394171942033,183.28826727929732,7.076339551092802,31.252470509003103,37.230968340360455,Very Unhealthy
214.8102458753839,27.96146116357752,2.0983491760171886,14.91278411317268,53.312608587806814,Very Unhealthy
33.59114638615093,117.42071272527944,6.766981089916682,-6.1470860432834415,22.33160345427897,Good
34.60293708470566,58.440768034005174,9.702129256461978,-7.0724535378010405,54.2969188286409,Good
296.12547776534086,113.06471049057971,1.029617086315242,6.7119159348030415,53.33638499280032,Very Unhealthy
118.5385307692749,132.02697572861354,6.75876097042875,29.24484885557338,70.9521450083896,Unhealthy for Sensitive Groups
117.48622264939837,166.79965172290431,4.493127171115254,25.384046737045786,76.69199695500684,Unhealthy for Sensitive Groups
245.71187450467573,45.25214799331763,8.694608318337304,29.43074823362032,45.23530802499393,Very Unhealthy
284.702087441319,7.144186588403693,1.8537829155291206,15.863452822080468,34.1866599481195,Very Unhealthy
295.94030850863254,31.69269786341742,6.956996927039029,12.00994989777453,30.746791785367556,Very Unhealthy
228.47967372509308,180.5036351603805,8.39734136751629,-2.627373664685803,25.569906936389756,Very Unhealthy
119.11527980396558,175.40856512469048,9.45168077279283,6.409637680465579,14.61180657592199,Unhealthy for Sensitive Groups
34.21520784261394,121.49555492321012,6.8641554800674935,11.700968308693763,37.395838306777065,Good
235.37260561895667,122.10078778456241,5.02203016368343,-5.569978516019138,31.61981537046266,Very Unhealthy
171.93723242338348,134.68215153651983,6.216687677992017,1.0305976355605626,87.31339086931258,Unhealthy
133.02438268162314,39.19739933157267,8.702159346339311,19.91126470318694,54.61670610000351,Unhealthy for Sensitive Groups
272.8427716774734,183.31032945536717,5.7490364917244134,26.783155711959495,37.78216312244061,Very Unhealthy
42.24726986878389,86.66025235395426,0.4008318909986849,39.91737556964748,56.43740807949568,Good
152.86128024434916,79.71201300865201,9.31639208551908,36.65566656717788,21.13573610765564,Unhealthy
13.292556982551531,106.18895253015332,6.926314835212455,22.12825997675958,45.523499936176236,Good
145.91158617829663,14.158363521135733,6.79748251919474,11.062402664703601,60.098745713685105,Unhealthy for Sensitive Groups
26.327949947732833,37.42525690743548,2.2351840087374,21.808868235411637,49.11182654339611,Good
44.45719571774086,148.91655520314222,6.622966155303306,29.282580904011596,42.14230405234594,Good
44.082611565360416,21.14574024539966,3.9992576159761692,-4.083190453830634,89.50787111197586,Good
198.27098761365843,122.61466134594569,6.547206472710771,10.495244484814414,80.42518097191416,Unhealthy
226.35301498697277,52.843076387857586,1.1552710000491082,31.990114281780862,59.87247665275521,Very Unhealthy
179.17694187817628,80.91264473818542,6.612668515570056,9.1916475966522,55.55018889458262,Unhealthy
289.03003905761716,61.29527867028648,9.9941958851296,18.593613561359327,59.652838385966724,Very Unhealthy
118.71246806187418,74.35617971066507,0.5772991847195047,19.38846804310991,26.104968625794662,Unhealthy for Sensitive Groups
92.85650502173961,145.21395151092787,9.774024423791042,-0.776187343318032,41.61101946114549,Moderate
261.8937471749435,62.93873454651913,4.128388811156419,8.111772082614419,13.156762631271945,Very Unhealthy
74.84279317064127,115.44890485789495,8.720459158338866,6.725564437096608,48.04368299894613,Moderate
289.3345364377773,97.82982842882444,7.845616292176907,-8.69016457339676,53.44196671661305,Very Unhealthy
13.524797660046739,134.4158772457164,5.7134609837680115,-8.790411805432237,28.21997888825677,Good
291.26485974521535,187.6817991683278,7.410647171588132,31.584852183788676,87.1223077732411,Very Unhealthy
22.516374465667074,147.8515589559988,8.797304056883345,3.65354049864062,82.75636887497936,Good
268.4315029724406,46.91337382519757,4.100989184345226,15.90393831194077,67.77145883647248,Very Unhealthy
163.03332163502697,11.080711336950511,3.337628299476063,4.936278679438653,52.670930301229006,Unhealthy
297.9597908745971,56.141488638465894,6.7091745170794885,37.03396225576702,79.5975327718148,Very Unhealthy
31.40100377326567,121.04019648654969,8.09767482521846,2.9648379432886873,20.452187505877035,Good
170.61774247638303,15.028033629428817,7.646622834288496,11.482840636946754,73.2407835419908,Unhealthy
291.0977353295387,101.79141820424108,7.998355123700481,33.63651252423009,19.985665117347864,Very Unhealthy
161.69837480934316,121.3843555387934,4.412274816648036,32.09667833959043,73.53685300395243,Unhealthy
192.52560505922614,70.17755870930736,8.196558740132714,-0.6949291076861339,32.06140546010856,Unhealthy
211.76711980553898,155.32787973043528,1.2900696481690237,30.13216548978552,80.16724648145511,Very Unhealthy
141.81690878265422,25.7866593610855,5.49044206981241,12.909344336894634,85.52336750603183,Unhealthy for Sensitive Groups
191.99184322437839,19.65186743848271,0.15701073893140355,14.148443604267761,21.90367755240925,Unhealthy
179.45115045769907,146.99680745970267,3.3133997160126762,-3.326001379202811,47.01404840523148,Unhealthy
271.3358230423868,101.6208066602087,3.727969195226839,-5.9699243121437675,88.47899025301481,Very Unhealthy
23.179450299022783,139.23846730340853,4.022109646931629,26.396965348688262,48.67259487785173,Good
91.4793249817468,89.79133102773051,6.985125346229635,14.823057617764988,79.08380180116362,Moderate
285.619330382202,53.04839648162583,3.946725202576423,11.842535130758979,57.098521770505585,Very Unhealthy
268.1764973283657,164.72495194646893,4.542066863963053,26.475411432619836,40.02639263356815,Very Unhealthy
142.14045830785676,160.88609639895097,2.451686895655842,28.275644949555485,32.862684442069614,Unhealthy for Sensitive Groups
189.83845336244565,140.4658118166132,3.795192737130467,-2.0545916165323224,26.25784728688698,Unhealthy
90.44054306452848,58.068301759842726,2.3499693099052,20.511257473882065,70.94385531021578,Moderate
64.55513631989078,120.09498003947198,0.824639645307592,-3.2322958861157236,40.92324054584223,Moderate
144.47253743259483,75.38990990330522,6.074141074475641,27.568754301452287,50.90203697606009,Unhealthy for Sensitive Groups
112.47214612755532,22.85850429869366,6.715306705694661,22.847757813356978,49.386038400094556,Unhealthy for Sensitive Groups
179.2602724367529,183.87614721513734,6.232954425495183,37.8307310541729,56.1823223386505,Unhealthy
32.543044719845604,31.679633029197475,4.688591033625666,-6.5520991821789405,79.24617164996418,Good
292.57449422318825,190.29628399505648,3.8598792237743753,-7.147263942437284,88.45914748667435,Very Unhealthy
296.0011158990848,91.97112572680138,8.64700313076107,4.109353734660008,42.606736685905354,Very Unhealthy
